USE wheat_pest_db;

INSERT INTO sys_user (id, username, password, real_name, email, phone, status, is_deleted) VALUES
(4, 'user01', '$2b$12$Hs7sQ.sc.sxAHYuK1W8ITu2AgvlqhxuQ/qLkd.XrG.1Q9CKwv0uie', '张一', 'user01@wheat.local', '13800000004', 1, 0),
(5, 'user02', '$2b$12$Hs7sQ.sc.sxAHYuK1W8ITu2AgvlqhxuQ/qLkd.XrG.1Q9CKwv0uie', '李二', 'user02@wheat.local', '13800000005', 1, 0),
(6, 'user03', '$2b$12$Hs7sQ.sc.sxAHYuK1W8ITu2AgvlqhxuQ/qLkd.XrG.1Q9CKwv0uie', '王三', 'user03@wheat.local', '13800000006', 1, 0),
(7, 'user04', '$2b$12$Hs7sQ.sc.sxAHYuK1W8ITu2AgvlqhxuQ/qLkd.XrG.1Q9CKwv0uie', '赵四', 'user04@wheat.local', '13800000007', 0, 0),
(8, 'user05', '$2b$12$Hs7sQ.sc.sxAHYuK1W8ITu2AgvlqhxuQ/qLkd.XrG.1Q9CKwv0uie', '周五', 'user05@wheat.local', '13800000008', 1, 0),
(9, 'user06', '$2b$12$Hs7sQ.sc.sxAHYuK1W8ITu2AgvlqhxuQ/qLkd.XrG.1Q9CKwv0uie', '吴六', 'user06@wheat.local', '13800000009', 1, 0),
(10, 'user07', '$2b$12$Hs7sQ.sc.sxAHYuK1W8ITu2AgvlqhxuQ/qLkd.XrG.1Q9CKwv0uie', '郑七', 'user07@wheat.local', '13800000010', 1, 0),
(11, 'user08', '$2b$12$Hs7sQ.sc.sxAHYuK1W8ITu2AgvlqhxuQ/qLkd.XrG.1Q9CKwv0uie', '孙八', 'user08@wheat.local', '13800000011', 1, 0),
(12, 'user09', '$2b$12$Hs7sQ.sc.sxAHYuK1W8ITu2AgvlqhxuQ/qLkd.XrG.1Q9CKwv0uie', '钱九', 'user09@wheat.local', '13800000012', 1, 0),
(13, 'user10', '$2b$12$Hs7sQ.sc.sxAHYuK1W8ITu2AgvlqhxuQ/qLkd.XrG.1Q9CKwv0uie', '冯十', 'user10@wheat.local', '13800000013', 1, 0);

INSERT INTO sys_user_role (id, user_id, role_id, is_deleted) VALUES
(4, 4, 3, 0),(5, 5, 3, 0),(6, 6, 2, 0),(7, 7, 3, 0),(8, 8, 3, 0),
(9, 9, 2, 0),(10, 10, 3, 0),(11, 11, 3, 0),(12, 12, 2, 0),(13, 13, 3, 0);

INSERT INTO model_version (id, version_code, model_name, weight_path, map_50, map_50_95, precision_rate, recall_rate, is_active, description, create_by, is_deleted) VALUES
(2, 'v1.1.0', 'RT-DETR Wheat Improved', 'backend/weights/rtdetr_wheat_v110.pth', 0.9250, 0.7710, 0.9130, 0.8960, 0, '增强数据训练版本', 1, 0),
(3, 'v1.2.0', 'RT-DETR Wheat Robust', 'backend/weights/rtdetr_wheat_v120.pth', 0.9340, 0.7820, 0.9200, 0.9040, 0, '多阶段调优版本', 2, 0);

INSERT INTO detection_batch (id, user_id, batch_name, total_images, processed_images, success_images, failed_images, status, start_time, end_time, create_time, update_time, is_deleted) VALUES
(1, 1, '管理员巡检批次A', 12, 12, 12, 0, 2, '2026-04-20 08:00:00', '2026-04-20 08:01:20', '2026-04-20 08:00:00', '2026-04-20 08:01:20', 0),
(2, 2, '专家样本复核批次', 10, 10, 9, 1, 3, '2026-04-20 09:00:00', '2026-04-20 09:02:00', '2026-04-20 09:00:00', '2026-04-20 09:02:00', 0),
(3, 3, '农户地块一批次', 8, 8, 8, 0, 2, '2026-04-20 10:00:00', '2026-04-20 10:00:48', '2026-04-20 10:00:00', '2026-04-20 10:00:48', 0),
(4, 4, '农户地块二批次', 15, 15, 14, 1, 3, '2026-04-21 08:30:00', '2026-04-21 08:32:10', '2026-04-21 08:30:00', '2026-04-21 08:32:10', 0),
(5, 6, '专家虫害监测批次', 6, 6, 6, 0, 2, '2026-04-21 09:15:00', '2026-04-21 09:16:12', '2026-04-21 09:15:00', '2026-04-21 09:16:12', 0),
(6, 8, '农户地块三批次', 11, 11, 10, 1, 3, '2026-04-21 10:00:00', '2026-04-21 10:01:35', '2026-04-21 10:00:00', '2026-04-21 10:01:35', 0),
(7, 9, '专家健康样本批次', 9, 9, 9, 0, 2, '2026-04-22 08:10:00', '2026-04-22 08:11:00', '2026-04-22 08:10:00', '2026-04-22 08:11:00', 0),
(8, 10, '农户地块四批次', 7, 7, 6, 1, 3, '2026-04-22 09:20:00', '2026-04-22 09:21:05', '2026-04-22 09:20:00', '2026-04-22 09:21:05', 0);

INSERT INTO detection_record (id, user_id, batch_id, image_path, result_image_path, image_name, image_size, image_width, image_height, total_detections, avg_confidence, inference_time_ms, model_version_id, status, error_message, detection_time, create_time, update_time, is_deleted) VALUES
(1, 1, 1, 'uploads/2026/04/20/a001.jpg', 'results/2026/04/20/a001.jpg', 'a001.jpg', 245678, 1280, 720, 3, 0.9023, 226, 1, 1, NULL, '2026-04-20 08:00:10', '2026-04-20 08:00:10', '2026-04-20 08:00:10', 0),
(2, 1, 1, 'uploads/2026/04/20/a002.jpg', 'results/2026/04/20/a002.jpg', 'a002.jpg', 238901, 1280, 720, 2, 0.8765, 214, 1, 1, NULL, '2026-04-20 08:00:20', '2026-04-20 08:00:20', '2026-04-20 08:00:20', 0),
(3, 2, 2, 'uploads/2026/04/20/b001.jpg', 'results/2026/04/20/b001.jpg', 'b001.jpg', 228650, 960, 640, 4, 0.8432, 251, 2, 1, NULL, '2026-04-20 09:00:15', '2026-04-20 09:00:15', '2026-04-20 09:00:15', 0),
(4, 2, 2, 'uploads/2026/04/20/b002.jpg', NULL, 'b002.jpg', 221450, 960, 640, 0, 0.0000, 0, 2, 2, '模型推理失败', '2026-04-20 09:00:30', '2026-04-20 09:00:30', '2026-04-20 09:00:30', 0),
(5, 3, 3, 'uploads/2026/04/20/c001.jpg', 'results/2026/04/20/c001.jpg', 'c001.jpg', 215980, 960, 640, 1, 0.9512, 198, 1, 1, NULL, '2026-04-20 10:00:05', '2026-04-20 10:00:05', '2026-04-20 10:00:05', 0),
(6, 4, 4, 'uploads/2026/04/21/d001.jpg', 'results/2026/04/21/d001.jpg', 'd001.jpg', 231540, 1024, 768, 3, 0.9011, 233, 2, 1, NULL, '2026-04-21 08:30:05', '2026-04-21 08:30:05', '2026-04-21 08:30:05', 0),
(7, 4, 4, 'uploads/2026/04/21/d002.jpg', NULL, 'd002.jpg', 201432, 1024, 768, 0, 0.0000, 0, 2, 2, '图片损坏', '2026-04-21 08:30:16', '2026-04-21 08:30:16', '2026-04-21 08:30:16', 0),
(8, 6, 5, 'uploads/2026/04/21/e001.jpg', 'results/2026/04/21/e001.jpg', 'e001.jpg', 246321, 1280, 720, 2, 0.8810, 205, 2, 1, NULL, '2026-04-21 09:15:18', '2026-04-21 09:15:18', '2026-04-21 09:15:18', 0),
(9, 8, 6, 'uploads/2026/04/21/f001.jpg', 'results/2026/04/21/f001.jpg', 'f001.jpg', 234500, 1280, 720, 3, 0.8745, 228, 1, 1, NULL, '2026-04-21 10:00:12', '2026-04-21 10:00:12', '2026-04-21 10:00:12', 0),
(10, 8, 6, 'uploads/2026/04/21/f002.jpg', NULL, 'f002.jpg', 210600, 1280, 720, 0, 0.0000, 0, 1, 2, '模型权重缺失', '2026-04-21 10:00:25', '2026-04-21 10:00:25', '2026-04-21 10:00:25', 0),
(11, 9, 7, 'uploads/2026/04/22/g001.jpg', 'results/2026/04/22/g001.jpg', 'g001.jpg', 214500, 1024, 768, 1, 0.9678, 194, 3, 1, NULL, '2026-04-22 08:10:08', '2026-04-22 08:10:08', '2026-04-22 08:10:08', 0),
(12, 10, 8, 'uploads/2026/04/22/h001.jpg', 'results/2026/04/22/h001.jpg', 'h001.jpg', 228900, 1024, 768, 2, 0.8450, 239, 1, 1, NULL, '2026-04-22 09:20:10', '2026-04-22 09:20:10', '2026-04-22 09:20:10', 0),
(13, 11, NULL, 'uploads/2026/04/22/i001.jpg', 'results/2026/04/22/i001.jpg', 'i001.jpg', 231000, 960, 640, 4, 0.8110, 244, 2, 1, NULL, '2026-04-22 10:05:00', '2026-04-22 10:05:00', '2026-04-22 10:05:00', 0),
(14, 12, NULL, 'uploads/2026/04/22/j001.jpg', 'results/2026/04/22/j001.jpg', 'j001.jpg', 229600, 960, 640, 2, 0.9050, 201, 3, 1, NULL, '2026-04-22 10:12:00', '2026-04-22 10:12:00', '2026-04-22 10:12:00', 0),
(15, 13, NULL, 'uploads/2026/04/22/k001.jpg', 'results/2026/04/22/k001.jpg', 'k001.jpg', 233500, 960, 640, 1, 0.9320, 198, 1, 1, NULL, '2026-04-22 10:18:00', '2026-04-22 10:18:00', '2026-04-22 10:18:00', 0),
(16, 1, NULL, 'uploads/2026/04/22/l001.jpg', 'results/2026/04/22/l001.jpg', 'l001.jpg', 240500, 1280, 720, 3, 0.8520, 221, 1, 1, NULL, '2026-04-22 10:25:00', '2026-04-22 10:25:00', '2026-04-22 10:25:00', 0),
(17, 2, NULL, 'uploads/2026/04/22/m001.jpg', 'results/2026/04/22/m001.jpg', 'm001.jpg', 219800, 1280, 720, 2, 0.8890, 208, 2, 1, NULL, '2026-04-22 10:30:00', '2026-04-22 10:30:00', '2026-04-22 10:30:00', 0),
(18, 3, NULL, 'uploads/2026/04/22/n001.jpg', 'results/2026/04/22/n001.jpg', 'n001.jpg', 225300, 1024, 768, 1, 0.9780, 188, 1, 1, NULL, '2026-04-22 10:35:00', '2026-04-22 10:35:00', '2026-04-22 10:35:00', 0),
(19, 4, NULL, 'uploads/2026/04/22/o001.jpg', 'results/2026/04/22/o001.jpg', 'o001.jpg', 221900, 1024, 768, 2, 0.9010, 206, 2, 1, NULL, '2026-04-22 10:40:00', '2026-04-22 10:40:00', '2026-04-22 10:40:00', 0),
(20, 5, NULL, 'uploads/2026/04/22/p001.jpg', 'results/2026/04/22/p001.jpg', 'p001.jpg', 226500, 1024, 768, 1, 0.9540, 196, 3, 1, NULL, '2026-04-22 10:45:00', '2026-04-22 10:45:00', '2026-04-22 10:45:00', 0),
(21, 6, NULL, 'uploads/2026/04/22/q001.jpg', NULL, 'q001.jpg', 223500, 1024, 768, 0, 0.0000, 0, 3, 2, '文件格式异常', '2026-04-22 10:50:00', '2026-04-22 10:50:00', '2026-04-22 10:50:00', 0),
(22, 7, NULL, 'uploads/2026/04/22/r001.jpg', 'results/2026/04/22/r001.jpg', 'r001.jpg', 224900, 1024, 768, 2, 0.8660, 212, 1, 1, NULL, '2026-04-22 10:55:00', '2026-04-22 10:55:00', '2026-04-22 10:55:00', 0),
(23, 8, NULL, 'uploads/2026/04/22/s001.jpg', 'results/2026/04/22/s001.jpg', 's001.jpg', 220800, 1024, 768, 3, 0.8420, 236, 2, 1, NULL, '2026-04-22 11:00:00', '2026-04-22 11:00:00', '2026-04-22 11:00:00', 0),
(24, 9, NULL, 'uploads/2026/04/22/t001.jpg', 'results/2026/04/22/t001.jpg', 't001.jpg', 219100, 1024, 768, 1, 0.9650, 193, 3, 1, NULL, '2026-04-22 11:05:00', '2026-04-22 11:05:00', '2026-04-22 11:05:00', 0),
(25, 10, NULL, 'uploads/2026/04/22/u001.jpg', 'results/2026/04/22/u001.jpg', 'u001.jpg', 218600, 1024, 768, 2, 0.8870, 204, 1, 1, NULL, '2026-04-22 11:10:00', '2026-04-22 11:10:00', '2026-04-22 11:10:00', 0);

INSERT INTO detection_result (id, record_id, class_id, class_name, class_name_cn, confidence, bbox_x, bbox_y, bbox_w, bbox_h, is_deleted) VALUES
(1, 1, 1, 'rust', '锈病', 0.9340, 120.50, 88.30, 155.20, 210.00, 0),
(2, 1, 4, 'aphid', '蚜虫', 0.8920, 340.20, 160.10, 120.50, 110.40, 0),
(3, 1, 3, 'healthy', '健康叶', 0.8810, 540.40, 210.20, 160.00, 190.30, 0),
(4, 2, 2, 'smut', '黑穗病', 0.8800, 210.30, 90.20, 132.40, 215.60, 0),
(5, 2, 1, 'rust', '锈病', 0.8730, 460.30, 180.20, 140.20, 180.00, 0),
(6, 3, 4, 'aphid', '蚜虫', 0.8510, 80.00, 60.00, 110.00, 98.00, 0),
(7, 3, 4, 'aphid', '蚜虫', 0.8420, 210.00, 72.00, 102.00, 96.00, 0),
(8, 3, 1, 'rust', '锈病', 0.8310, 350.00, 110.00, 145.00, 170.00, 0),
(9, 3, 3, 'healthy', '健康叶', 0.8490, 520.00, 160.00, 180.00, 210.00, 0),
(10, 5, 3, 'healthy', '健康叶', 0.9512, 115.40, 126.30, 290.50, 260.20, 0),
(11, 6, 1, 'rust', '锈病', 0.9320, 140.20, 90.00, 180.00, 205.00, 0),
(12, 6, 4, 'aphid', '蚜虫', 0.9010, 360.00, 150.30, 120.00, 110.00, 0),
(13, 6, 3, 'healthy', '健康叶', 0.8703, 610.10, 188.20, 190.20, 210.40, 0),
(14, 8, 2, 'smut', '黑穗病', 0.8920, 180.00, 102.00, 165.00, 240.00, 0),
(15, 8, 1, 'rust', '锈病', 0.8700, 480.00, 160.00, 155.00, 206.00, 0),
(16, 9, 4, 'aphid', '蚜虫', 0.8900, 100.00, 70.00, 120.00, 100.00, 0),
(17, 9, 4, 'aphid', '蚜虫', 0.8710, 240.00, 82.00, 118.00, 106.00, 0),
(18, 9, 3, 'healthy', '健康叶', 0.8625, 520.00, 182.00, 210.00, 220.00, 0),
(19, 11, 3, 'healthy', '健康叶', 0.9678, 125.00, 120.00, 300.00, 280.00, 0),
(20, 12, 1, 'rust', '锈病', 0.8610, 132.00, 92.00, 160.00, 190.00, 0),
(21, 12, 4, 'aphid', '蚜虫', 0.8290, 380.00, 140.00, 130.00, 108.00, 0),
(22, 13, 4, 'aphid', '蚜虫', 0.8220, 60.00, 50.00, 96.00, 80.00, 0),
(23, 13, 4, 'aphid', '蚜虫', 0.8100, 200.00, 62.00, 92.00, 82.00, 0),
(24, 13, 1, 'rust', '锈病', 0.7990, 340.00, 118.00, 148.00, 188.00, 0),
(25, 13, 3, 'healthy', '健康叶', 0.8130, 520.00, 170.00, 202.00, 214.00, 0),
(26, 14, 2, 'smut', '黑穗病', 0.9150, 200.00, 96.00, 160.00, 232.00, 0),
(27, 14, 3, 'healthy', '健康叶', 0.8950, 520.00, 180.00, 200.00, 220.00, 0),
(28, 15, 3, 'healthy', '健康叶', 0.9320, 150.00, 132.00, 320.00, 290.00, 0),
(29, 16, 1, 'rust', '锈病', 0.8670, 118.00, 92.00, 170.00, 210.00, 0),
(30, 16, 4, 'aphid', '蚜虫', 0.8460, 332.00, 140.00, 128.00, 112.00, 0),
(31, 16, 3, 'healthy', '健康叶', 0.8430, 590.00, 188.00, 198.00, 224.00, 0),
(32, 17, 2, 'smut', '黑穗病', 0.9020, 204.00, 100.00, 152.00, 228.00, 0),
(33, 17, 3, 'healthy', '健康叶', 0.8760, 528.00, 182.00, 206.00, 220.00, 0),
(34, 18, 3, 'healthy', '健康叶', 0.9780, 144.00, 136.00, 328.00, 302.00, 0),
(35, 19, 1, 'rust', '锈病', 0.9150, 126.00, 92.00, 166.00, 206.00, 0),
(36, 19, 4, 'aphid', '蚜虫', 0.8870, 344.00, 146.00, 124.00, 108.00, 0),
(37, 20, 3, 'healthy', '健康叶', 0.9540, 164.00, 130.00, 310.00, 286.00, 0),
(38, 22, 2, 'smut', '黑穗病', 0.8710, 210.00, 98.00, 158.00, 226.00, 0),
(39, 22, 3, 'healthy', '健康叶', 0.8610, 528.00, 186.00, 204.00, 218.00, 0),
(40, 23, 4, 'aphid', '蚜虫', 0.8420, 98.00, 68.00, 118.00, 102.00, 0);

INSERT INTO sys_login_log (id, user_id, username, login_ip, login_location, browser, os, status, message, login_time) VALUES
(1, 1, 'admin', '127.0.0.1', '本地', 'Chrome', 'Windows', 1, '登录成功', '2026-04-20 07:55:00'),
(2, 2, 'expert', '127.0.0.1', '本地', 'Edge', 'Windows', 1, '登录成功', '2026-04-20 08:50:00'),
(3, 3, 'farmer', '127.0.0.1', '本地', 'Chrome', 'Windows', 1, '登录成功', '2026-04-20 09:55:00'),
(4, NULL, 'user03', '192.168.0.15', '示例地块', 'Firefox', 'Windows', 0, '账号或密码错误', '2026-04-20 10:20:00'),
(5, 4, 'user01', '192.168.0.21', '示例地块', 'Chrome', 'Windows', 1, '登录成功', '2026-04-21 08:20:00'),
(6, 6, 'user03', '192.168.0.22', '示例地块', 'Chrome', 'Windows', 1, '登录成功', '2026-04-21 09:10:00'),
(7, 8, 'user05', '192.168.0.23', '示例地块', 'Edge', 'Windows', 1, '登录成功', '2026-04-21 09:52:00'),
(8, 9, 'user06', '192.168.0.24', '示例地块', 'Chrome', 'Windows', 1, '登录成功', '2026-04-22 08:00:00'),
(9, 10, 'user07', '192.168.0.25', '示例地块', 'Chrome', 'Windows', 1, '登录成功', '2026-04-22 09:10:00'),
(10, NULL, 'user08', '192.168.0.26', '示例地块', 'Chrome', 'Windows', 0, '账号被禁用', '2026-04-22 09:30:00'),
(11, 11, 'user08', '192.168.0.27', '示例地块', 'Edge', 'Windows', 1, '登录成功', '2026-04-22 09:45:00'),
(12, 12, 'user09', '192.168.0.28', '示例地块', 'Firefox', 'Windows', 1, '登录成功', '2026-04-22 10:05:00'),
(13, 13, 'user10', '192.168.0.29', '示例地块', 'Chrome', 'Windows', 1, '登录成功', '2026-04-22 10:20:00'),
(14, 1, 'admin', '127.0.0.1', '本地', 'Chrome', 'Windows', 1, '登录成功', '2026-04-22 10:30:00'),
(15, 2, 'expert', '127.0.0.1', '本地', 'Edge', 'Windows', 1, '登录成功', '2026-04-22 10:35:00');

INSERT INTO sys_operation_log (id, user_id, username, module, operation, method, request_url, request_params, response_code, ip, cost_ms, status, operation_time) VALUES
(1, 1, 'admin', 'user', '/api/v1/users', 'POST', '/api/v1/users', '{"username":"user01"}', 0, '127.0.0.1', 85, 1, '2026-04-20 08:02:00'),
(2, 1, 'admin', 'user', '/api/v1/users', 'POST', '/api/v1/users', '{"username":"user02"}', 0, '127.0.0.1', 83, 1, '2026-04-20 08:03:00'),
(3, 1, 'admin', 'role', '/api/v1/roles/2/menus', 'PUT', '/api/v1/roles/2/menus', '{"menu_ids":[1,3,4,5,6,7,8,9,17]}', 0, '127.0.0.1', 64, 1, '2026-04-20 08:10:00'),
(4, 2, 'expert', 'detection', '/api/v1/detection/single', 'POST', '/api/v1/detection/single', '{"confidence_threshold":0.25}', 0, '127.0.0.1', 312, 1, '2026-04-20 09:00:00'),
(5, 2, 'expert', 'batch', '/api/v1/batch/upload', 'POST', '/api/v1/batch/upload', '{"batch_name":"专家样本复核批次"}', 0, '127.0.0.1', 118, 1, '2026-04-20 09:00:10'),
(6, 3, 'farmer', 'batch', '/api/v1/batch/upload', 'POST', '/api/v1/batch/upload', '{"batch_name":"农户地块一批次"}', 0, '127.0.0.1', 106, 1, '2026-04-20 10:00:00'),
(7, 1, 'admin', 'model-versions', '/api/v1/model-versions', 'POST', '/api/v1/model-versions', '{"version_code":"v1.1.0"}', 0, '127.0.0.1', 78, 1, '2026-04-21 08:00:00'),
(8, 1, 'admin', 'model-versions', '/api/v1/model-versions', 'POST', '/api/v1/model-versions', '{"version_code":"v1.2.0"}', 0, '127.0.0.1', 76, 1, '2026-04-21 08:10:00'),
(9, 1, 'admin', 'disease', '/api/v1/diseases/4', 'PUT', '/api/v1/diseases/4', '{"severity_level":2}', 0, '127.0.0.1', 52, 1, '2026-04-21 08:20:00'),
(10, 4, 'user01', 'detection', '/api/v1/detection/single', 'POST', '/api/v1/detection/single', '{"confidence_threshold":0.25}', 0, '192.168.0.21', 305, 1, '2026-04-21 08:30:00'),
(11, 6, 'user03', 'batch', '/api/v1/batch/upload', 'POST', '/api/v1/batch/upload', '{"batch_name":"专家虫害监测批次"}', 0, '192.168.0.22', 101, 1, '2026-04-21 09:15:00'),
(12, 8, 'user05', 'batch', '/api/v1/batch/upload', 'POST', '/api/v1/batch/upload', '{"batch_name":"农户地块三批次"}', 0, '192.168.0.23', 108, 1, '2026-04-21 10:00:00'),
(13, 9, 'user06', 'batch', '/api/v1/batch/upload', 'POST', '/api/v1/batch/upload', '{"batch_name":"专家健康样本批次"}', 0, '192.168.0.24', 110, 1, '2026-04-22 08:10:00'),
(14, 10, 'user07', 'batch', '/api/v1/batch/upload', 'POST', '/api/v1/batch/upload', '{"batch_name":"农户地块四批次"}', 0, '192.168.0.25', 107, 1, '2026-04-22 09:20:00'),
(15, 1, 'admin', 'users', '/api/v1/users/7/status', 'PATCH', '/api/v1/users/7/status', '{"status":0}', 0, '127.0.0.1', 44, 1, '2026-04-22 09:30:00'),
(16, 1, 'admin', 'users', '/api/v1/users/11/reset-password', 'POST', '/api/v1/users/11/reset-password', '{}', 0, '127.0.0.1', 41, 1, '2026-04-22 09:40:00'),
(17, 2, 'expert', 'disease', '/api/v1/diseases/2', 'PUT', '/api/v1/diseases/2', '{"severity_level":3}', 0, '127.0.0.1', 57, 1, '2026-04-22 09:50:00'),
(18, 1, 'admin', 'model-versions', '/api/v1/model-versions/1/activate', 'PATCH', '/api/v1/model-versions/1/activate', '{}', 0, '127.0.0.1', 49, 1, '2026-04-22 10:00:00'),
(19, 1, 'admin', 'menus', '/api/v1/menus', 'POST', '/api/v1/menus', '{"menu_name":"示例菜单"}', 0, '127.0.0.1', 61, 1, '2026-04-22 10:10:00'),
(20, 1, 'admin', 'roles', '/api/v1/roles/3/menus', 'PUT', '/api/v1/roles/3/menus', '{"menu_ids":[1,3,4,5,6,7,17]}', 0, '127.0.0.1', 66, 1, '2026-04-22 10:20:00');

INSERT INTO sys_audit_log (id, user_id, username, target_type, target_id, action, before_value, after_value, ip, audit_time) VALUES
(1, 1, 'admin', 'USER', 4, 'CREATE', NULL, '{"username":"user01"}', '127.0.0.1', '2026-04-20 08:02:00'),
(2, 1, 'admin', 'USER', 5, 'CREATE', NULL, '{"username":"user02"}', '127.0.0.1', '2026-04-20 08:03:00'),
(3, 1, 'admin', 'MODEL', 2, 'CREATE', NULL, '{"version_code":"v1.1.0"}', '127.0.0.1', '2026-04-21 08:00:00'),
(4, 1, 'admin', 'MODEL', 3, 'CREATE', NULL, '{"version_code":"v1.2.0"}', '127.0.0.1', '2026-04-21 08:10:00'),
(5, 1, 'admin', 'DISEASE', 4, 'UPDATE', '{"severity_level":1}', '{"severity_level":2}', '127.0.0.1', '2026-04-21 08:20:00'),
(6, 1, 'admin', 'USER', 7, 'UPDATE', '{"status":1}', '{"status":0}', '127.0.0.1', '2026-04-22 09:30:00'),
(7, 1, 'admin', 'USER', 11, 'UPDATE', '{"password":"******"}', '{"password":"******"}', '127.0.0.1', '2026-04-22 09:40:00'),
(8, 2, 'expert', 'DISEASE', 2, 'UPDATE', '{"severity_level":3}', '{"severity_level":3}', '127.0.0.1', '2026-04-22 09:50:00'),
(9, 1, 'admin', 'MODEL', 1, 'UPDATE', '{"is_active":1}', '{"is_active":1}', '127.0.0.1', '2026-04-22 10:00:00'),
(10, 1, 'admin', 'ROLE', 3, 'UPDATE', '{"menu_ids":[1,3,4,5,6,7]}', '{"menu_ids":[1,3,4,5,6,7,17]}', '127.0.0.1', '2026-04-22 10:20:00');
